intersection_id,time_bin,vehicle_count,avg_speed,congestion_score,current_green,fuzzy_delta,suggested_green_fuzzy
175014490,2025-09-09 00:11:44,1,0.0,1.0,60.0,8,68.0
175014498#0,2025-09-09 00:11:44,1,0.0,1.0,60.0,7,67.0
639551506,2025-09-09 00:11:44,1,0.0,1.0,60.0,7,67.0
646279827#1,2025-09-09 00:11:44,1,0.0,1.0,60.0,7,67.0
655510551,2025-09-09 00:11:44,2,3.63,0.5,60.0,7,67.0
383209590,2025-09-09 00:11:45,2,45.33,0.0,24.77,8,32.77
539311818#1,2025-09-09 00:11:45,2,13.65,0.0,60.0,7,67.0
635304523#0,2025-09-09 00:11:45,5,35.33,0.0,40.07,7,47.07
655510551,2025-09-09 00:11:45,2,18.08,0.0,60.0,10,70.0
:1241525110_0,2025-09-09 00:11:45,1,31.36,0.0,45.02,7,52.02
:4605891308_3,2025-09-09 00:11:45,2,29.77,0.0,47.02,7,54.02
:cluster_1864383430_246182050_4745948567_4745948571_#4more_16,2025-09-09 00:11:45,1,8.18,0.0,60.0,7,67.0
:cluster_1864383430_246182050_4745948567_4745948571_#4more_9,2025-09-09 00:11:45,1,9.25,0.0,60.0,7,67.0
383209590,2025-09-09 00:11:46,4,57.96,0.0,13.94,7,20.94
383209590,2025-09-09 00:11:47,1,57.14,0.0,13.81,7,20.81
641575561,2025-09-09 00:11:47,5,58.56,0.0,14.04,7,21.04
:5214949230_1,2025-09-09 00:11:47,1,58.26,0.0,13.99,7,20.99
-644275180,2025-09-09 00:11:48,4,9.19,0.25,60.0,7,67.0
234962156#2,2025-09-09 00:11:48,1,0.0,1.0,60.0,7,67.0
633299799#0,2025-09-09 00:11:48,1,0.0,1.0,60.0,7,67.0
633575697,2025-09-09 00:11:48,3,58.9,0.0,14.1,8,22.1
761129507,2025-09-09 00:11:48,1,0.0,1.0,60.0,10,70.0
:cluster_6572484795_6726117605_8404168596_6,2025-09-09 00:11:48,1,24.62,0.0,53.88,7,60.88
644275182#1,2025-09-09 00:11:49,1,35.11,0.0,40.34,7,47.34
644275185#1,2025-09-09 00:11:49,5,40.82,0.0,32.57,7,39.57
:6572484796_0,2025-09-09 00:11:49,1,29.44,0.0,47.43,7,54.43
644275185#1,2025-09-09 00:11:50,7,41.98,0.0,30.76,10,40.76
644275185#1,2025-09-09 00:11:51,4,42.1,0.0,30.56,7,37.56
699889829,2025-09-09 00:11:51,3,41.69,0.0,31.23,10,41.23
:6572483175_1,2025-09-09 00:11:51,1,39.52,0.0,34.48,7,41.48
644414135#0,2025-09-09 00:11:52,1,40.73,0.0,32.71,10,42.71
644414135#1,2025-09-09 00:11:52,1,21.72,0.0,57.78,7,64.78
708424158#0,2025-09-09 00:11:52,1,36.69,0.0,38.32,7,45.32
:3922463566_1,2025-09-09 00:11:52,1,33.05,0.0,42.92,7,49.92
:3922463586_1,2025-09-09 00:11:52,1,33.83,0.0,41.95,7,48.95
:3922463589_1,2025-09-09 00:11:52,1,28.87,0.0,48.16,7,55.16
:cluster_6572483174_6572484787_8403834278_6,2025-09-09 00:11:52,1,40.4,0.0,33.2,7,40.2
:cluster_6572484789_8406907935_1,2025-09-09 00:11:52,1,35.99,0.0,39.22,8,47.22
-708424157,2025-09-09 00:11:53,5,42.25,0.0,30.32,7,37.32
708424158#1,2025-09-09 00:11:53,2,42.11,0.0,30.54,7,37.54
-708424157,2025-09-09 00:11:54,1,42.97,0.0,29.12,7,36.12
-708424160,2025-09-09 00:11:54,6,41.64,0.0,31.3,7,38.3
:5204561479_4,2025-09-09 00:11:54,1,41.64,0.0,31.3,7,38.3
-708424160,2025-09-09 00:11:55,8,41.06,0.0,32.21,7,39.21
-22886849#0,2025-09-09 00:11:56,3,40.99,0.0,32.31,7,39.31
-708424160,2025-09-09 00:11:56,3,41.61,0.0,31.36,7,38.36
721625949,2025-09-09 00:11:56,1,34.25,0.0,41.42,8,49.42
:6769425764_1,2025-09-09 00:11:56,1,41.43,0.0,31.63,7,38.63
-645114943#1,2025-09-09 00:11:57,2,40.5,0.0,33.05,7,40.05
699889836,2025-09-09 00:11:57,3,32.64,0.0,43.42,8,51.42
:1300545156_0,2025-09-09 00:11:57,1,43.17,0.0,28.78,7,35.78
:1300545167_0,2025-09-09 00:11:57,1,28.2,0.0,49.03,8,57.03
:246167379_1,2025-09-09 00:11:57,1,40.97,0.0,32.35,7,39.35
-645114943#0,2025-09-09 00:11:58,2,39.45,0.0,34.59,8,42.59
-645210209#0,2025-09-09 00:11:58,3,41.58,0.0,31.39,7,38.39
-645210209#1,2025-09-09 00:11:58,1,42.82,0.0,29.37,7,36.37
:1300782334_1,2025-09-09 00:11:58,1,39.28,0.0,34.82,8,42.82
:246167375_4,2025-09-09 00:11:58,1,40.92,0.0,32.42,7,39.42
-645210209#0,2025-09-09 00:11:59,2,42.91,0.0,29.23,7,36.23
-699878664#0,2025-09-09 00:11:59,1,43.58,0.0,28.06,7,35.06
-699878665,2025-09-09 00:11:59,4,42.13,0.0,30.52,7,37.52
:3736934769_0,2025-09-09 00:11:59,1,42.04,0.0,30.66,7,37.66
-699878665,2025-09-09 00:12:00,1,42.3,0.0,30.24,7,37.24
-699878666,2025-09-09 00:12:00,4,41.14,0.0,32.08,7,39.08
-699878667,2025-09-09 00:12:00,1,42.64,0.0,29.68,7,36.68
:4755910643_4,2025-09-09 00:12:00,1,42.64,0.0,29.68,7,36.68
:cluster_4084447565_976460174_4,2025-09-09 00:12:00,1,39.69,0.0,34.24,8,42.24
-699878667,2025-09-09 00:12:01,8,40.84,0.0,32.54,7,39.54
-699878667,2025-09-09 00:12:02,5,41.4,0.0,31.69,7,38.69
-699878669,2025-09-09 00:12:02,2,41.85,0.0,30.96,7,37.96
:1303595788_5,2025-09-09 00:12:02,1,41.23,0.0,31.95,7,38.95
-190535811#0,2025-09-09 00:12:03,1,40.32,0.0,33.32,7,40.32
-190535811#1,2025-09-09 00:12:03,1,43.39,0.0,28.39,7,35.39
-699878669,2025-09-09 00:12:03,4,41.98,0.0,30.76,7,37.76
:8411292364_1,2025-09-09 00:12:03,1,43.3,0.0,28.55,7,35.55
-190535811#0,2025-09-09 00:12:04,5,42.05,0.0,30.65,7,37.65
-190535811#0,2025-09-09 00:12:05,4,37.55,0.0,37.18,8,45.18
369912567,2025-09-09 00:12:05,1,26.69,0.0,51.04,8,59.04
:1989618684_2,2025-09-09 00:12:05,2,31.89,0.0,44.36,8,52.36
:246167354_2,2025-09-09 00:12:05,1,29.15,0.0,47.8,7,54.8
-188324777#0,2025-09-09 00:12:06,1,41.57,0.0,31.41,7,38.41
-713421971#0,2025-09-09 00:12:06,4,43.0,0.0,29.07,7,36.07
-754805645,2025-09-09 00:12:06,3,34.82,0.0,40.71,8,48.71
:3736513310_1,2025-09-09 00:12:06,1,28.69,0.0,48.39,7,55.39
-188324777#0,2025-09-09 00:12:07,9,41.49,0.0,31.54,7,38.54
-188324777#0,2025-09-09 00:12:08,1,42.22,0.0,30.37,7,37.37
-713421970,2025-09-09 00:12:08,3,37.63,0.0,37.08,8,45.08
-754805753,2025-09-09 00:12:08,2,43.62,0.0,27.99,7,34.99
:cluster_246167342_8413529324_6,2025-09-09 00:12:08,1,34.11,0.0,41.6,8,49.6
:cluster_6518141189_7066387788_5,2025-09-09 00:12:08,1,42.81,0.0,29.39,7,36.39
-754805753,2025-09-09 00:12:09,3,52.67,0.0,13.3,10,23.3
188324776,2025-09-09 00:12:09,6,52.53,0.0,13.29,7,20.29
188324776,2025-09-09 00:12:10,5,48.75,0.0,16.84,7,23.84
701297493#0,2025-09-09 00:12:10,4,46.65,0.0,21.98,7,28.98
644881437#1,2025-09-09 00:12:11,3,45.01,0.0,25.39,7,32.39
701297493#0,2025-09-09 00:12:11,2,47.05,0.0,21.06,7,28.06
:cluster_1989535699_1989535704_1989607716_1989607720_#6more_4,2025-09-09 00:12:11,3,44.61,0.0,26.16,7,33.16
644881437#1,2025-09-09 00:12:12,9,45.72,0.0,23.97,7,30.97
634154619#0,2025-09-09 00:12:13,1,12.87,0.0,60.0,7,67.0
644881437#1,2025-09-09 00:12:13,5,43.15,0.0,28.81,7,35.81
:1989535710_1,2025-09-09 00:12:13,3,14.31,0.0,60.0,7,67.0
634154619#0,2025-09-09 00:12:14,1,20.59,0.0,59.24,7,66.24
75489594#0,2025-09-09 00:12:14,5,52.09,0.0,13.26,7,20.26
:cluster_1989535712_1989535713_244137927_244138037_#2more_11,2025-09-09 00:12:14,3,30.61,0.0,45.96,8,53.96
75489594#1,2025-09-09 00:12:15,7,54.98,0.0,13.52,10,23.52
:8340821331_0,2025-09-09 00:12:15,1,55.61,0.0,13.59,10,23.59
480884476,2025-09-09 00:12:16,3,63.39,0.0,15.02,7,22.02
75489594#1,2025-09-09 00:12:16,2,63.69,0.0,15.09,8,23.09
75489594#2,2025-09-09 00:12:16,2,65.06,0.0,15.42,7,22.42
:4738344318_0,2025-09-09 00:12:16,1,62.38,0.0,14.8,8,22.8
:567938816_0,2025-09-09 00:12:16,1,57.58,0.0,13.88,10,23.88
44786104#0,2025-09-09 00:12:17,1,52.31,0.0,13.28,10,23.28
44786104#1,2025-09-09 00:12:17,3,32.21,0.0,43.96,8,51.96
635647519#1,2025-09-09 00:12:17,1,51.23,0.0,13.23,10,23.23
:567938819_0,2025-09-09 00:12:17,3,31.04,0.0,45.42,8,53.42
:8340821333_0,2025-09-09 00:12:17,1,47.69,0.0,19.56,7,26.56
480889495,2025-09-09 00:12:18,7,53.24,0.0,13.34,10,23.34
:5995506703_0,2025-09-09 00:12:18,1,50.25,0.0,13.2,10,23.2
480889495,2025-09-09 00:12:19,3,52.73,0.0,13.3,10,23.3
480886467,2025-09-09 00:12:26,7,76.43,0.0,15.2,7,22.2
480889495,2025-09-09 00:12:26,4,51.8,0.0,13.25,10,23.25
480886467,2025-09-09 00:12:27,14,96.45,0.0,13.27,7,20.27
480886467,2025-09-09 00:12:28,1,96.98,0.0,13.25,7,20.25
480886468,2025-09-09 00:12:28,10,97.2,0.0,13.24,7,20.24
:139696267_3,2025-09-09 00:12:28,1,97.73,0.0,13.23,10,23.23
480886468,2025-09-09 00:12:29,9,97.51,0.0,13.24,10,23.24
480886468,2025-09-09 00:12:30,11,95.61,0.0,13.3,10,23.3
480886468,2025-09-09 00:12:31,8,95.63,0.0,13.3,10,23.3
635341762,2025-09-09 00:12:31,2,94.19,0.0,13.36,10,23.36
635341762,2025-09-09 00:12:32,1,95.96,0.0,13.28,10,23.28
710411462,2025-09-09 00:12:32,10,96.37,0.0,13.27,10,23.27
635333336,2025-09-09 00:12:33,4,95.62,0.0,13.3,10,23.3
710411462,2025-09-09 00:12:33,3,95.57,0.0,13.3,10,23.3
710411462-AddedOffRampEdge,2025-09-09 00:12:33,3,96.22,0.0,13.27,10,23.27
:710411462-AddedOffRampNode_0,2025-09-09 00:12:33,1,95.29,0.0,13.31,10,23.31
635333336,2025-09-09 00:12:34,11,96.42,0.0,13.27,10,23.27
635333336,2025-09-09 00:12:35,11,96.37,0.0,13.27,10,23.27
251603194#0,2025-09-09 00:12:36,4,95.15,0.0,13.32,10,23.32
635333336,2025-09-09 00:12:36,4,96.91,0.0,13.25,10,23.25
710411461,2025-09-09 00:12:36,3,96.54,0.0,13.26,10,23.26
251603194#0,2025-09-09 00:12:37,9,96.59,0.0,13.26,10,23.26
251603194#0-AddedOffRampEdge,2025-09-09 00:12:37,4,96.42,0.0,13.27,10,23.27
251603194#1,2025-09-09 00:12:38,14,96.39,0.0,13.27,10,23.27
251603194#1,2025-09-09 00:12:39,6,96.41,0.0,13.27,10,23.27
251603194#2,2025-09-09 00:12:39,5,97.26,0.0,13.24,7,20.24
251603194#2-AddedOnRampEdge,2025-09-09 00:12:39,3,96.96,0.0,13.25,7,20.25
251603194#2,2025-09-09 00:12:40,14,96.97,0.0,13.25,10,23.25
649210207,2025-09-09 00:12:40,1,98.13,0.0,13.22,10,23.22
632375854,2025-09-09 00:12:41,13,52.31,0.0,13.28,10,23.28
649210207,2025-09-09 00:12:41,2,76.03,0.0,15.25,7,22.25
135977024#0,2025-09-09 00:12:42,4,52.16,0.0,13.27,10,23.27
654760610,2025-09-09 00:12:42,3,51.98,0.0,13.26,10,23.26
654760611,2025-09-09 00:12:42,3,51.73,0.0,13.25,10,23.25
:1492340329_1,2025-09-09 00:12:42,1,54.04,0.0,13.42,10,23.42
:1492340331_0,2025-09-09 00:12:42,1,51.8,0.0,13.25,10,23.25
:cluster_1492190463_5497304808_5497304809_5497657275_#4more_17,2025-09-09 00:12:42,3,34.85,0.0,40.67,8,48.67
:cluster_1492190463_5497304808_5497304809_5497657275_#4more_30,2025-09-09 00:12:42,1,28.5,0.0,48.64,7,55.64
173767613,2025-09-09 00:12:43,5,75.09,0.0,15.39,7,22.39
251589103,2025-09-09 00:12:43,3,49.89,0.0,13.53,7,20.53
482524703,2025-09-09 00:12:43,3,68.6,0.0,16.34,8,24.34
723536165,2025-09-09 00:12:43,2,74.5,0.0,15.48,7,22.48
:568256256_3,2025-09-09 00:12:43,2,69.12,0.0,16.32,8,24.32
:cluster_1492190463_5497304808_5497304809_5497657275_#4more_30,2025-09-09 00:12:43,1,36.21,0.0,38.94,8,46.94
22752252#1,2025-09-09 00:12:44,1,28.05,0.0,49.23,7,56.23
481104273,2025-09-09 00:12:44,11,50.37,0.0,13.21,7,20.21
:3923016218_1,2025-09-09 00:12:44,1,34.97,0.0,40.52,8,48.52
:3923016221_1,2025-09-09 00:12:44,1,42.93,0.0,29.19,7,36.19
:cluster_244130280_244130296_4740612736_4740612737_#8more_5,2025-09-09 00:12:44,2,26.64,0.0,51.1,7,58.1
:cluster_3170740566_5014446299_8349291438_8349291439_4,2025-09-09 00:12:44,1,44.61,0.0,26.17,7,33.17
537146056#0,2025-09-09 00:12:45,11,23.68,0.0,55.15,7,62.15
636809737#1,2025-09-09 00:12:45,5,52.43,0.0,13.28,10,23.28
:cluster_244131868_5014446298_8349291454_8,2025-09-09 00:12:45,1,53.2,0.0,13.34,10,23.34
:cluster_244131869_5014446280_8424300911_8424300912_#3more_4,2025-09-09 00:12:45,1,7.35,0.0,60.0,7,67.0
481102224#1,2025-09-09 00:12:46,15,40.79,0.0,32.62,7,39.62
632391649#1,2025-09-09 00:12:46,1,43.52,0.0,28.17,7,35.17
:8424300908_0,2025-09-09 00:12:46,1,40.76,0.0,32.66,7,39.66
:cluster_244131869_5014446280_8424300911_8424300912_#3more_4,2025-09-09 00:12:46,3,23.68,0.0,55.15,7,62.15
481102222,2025-09-09 00:12:47,3,54.2,0.0,13.43,10,23.43
481102223,2025-09-09 00:12:47,5,51.59,0.0,13.24,10,23.24
512870468#0,2025-09-09 00:12:47,4,47.3,0.0,20.49,7,27.49
632391649#3,2025-09-09 00:12:47,4,41.82,0.0,31.02,7,38.02
:8424300892_0,2025-09-09 00:12:47,1,40.23,0.0,33.45,7,40.45
:cluster_2282372957_244131855_246580827_5014446274_#8more_10,2025-09-09 00:12:47,2,47.57,0.0,19.85,7,26.85
:cluster_244131873_5014446301_7,2025-09-09 00:12:47,1,43.33,0.0,28.5,7,35.5
:cluster_244131874_5014446281_7,2025-09-09 00:12:47,1,50.49,0.0,13.21,10,23.21
632394979#1,2025-09-09 00:12:48,9,52.71,0.0,13.3,10,23.3
639591468,2025-09-09 00:12:48,3,52.72,0.0,13.3,10,23.3
747286658,2025-09-09 00:12:48,8,45.93,0.0,23.54,7,30.54
:cluster_2282372957_244131855_246580827_5014446274_#8more_10,2025-09-09 00:12:48,1,51.58,0.0,13.24,10,23.24
:cluster_4973029066_5014446291_8337484693_8,2025-09-09 00:12:48,1,52.82,0.0,13.31,10,23.31
482084641#0,2025-09-09 00:12:49,4,0.0,1.0,60.0,7,67.0
635370012#0,2025-09-09 00:12:49,4,51.6,0.0,13.24,7,20.24
639679519,2025-09-09 00:12:49,1,50.57,0.0,13.21,7,20.21
655013708,2025-09-09 00:12:49,1,53.25,0.0,13.34,7,20.34
747286657,2025-09-09 00:12:49,1,50.29,0.0,13.21,7,20.21
747286658,2025-09-09 00:12:49,4,1.19,0.25,60.0,7,67.0
75046506#1,2025-09-09 00:12:49,6,45.13,0.0,25.17,7,32.17
:cluster_244131878_5286688161_8337536389_4,2025-09-09 00:12:49,1,52.99,0.0,13.32,7,20.32
:cluster_4973029068_5014446290_8337536400_7,2025-09-09 00:12:49,3,14.8,0.0,60.0,7,67.0
482084641#0,2025-09-09 00:12:50,26,0.0,1.0,60.0,7,67.0
482084641#0,2025-09-09 00:12:51,26,1.04,0.65,60.0,7,67.0
482084641#0,2025-09-09 00:12:52,28,0.0,1.0,60.0,8,68.0
482084641#0,2025-09-09 00:12:53,27,0.0,1.0,60.0,7,67.0
482084641#0,2025-09-09 00:12:54,29,0.0,1.0,60.0,7,67.0
482084641#0,2025-09-09 00:12:55,29,0.0,1.0,60.0,10,70.0
482084641#0,2025-09-09 00:12:56,28,0.0,1.0,60.0,7,67.0
482084641#0,2025-09-09 00:12:57,31,0.0,1.0,61.88,7,68.88
482084641#0,2025-09-09 00:12:58,32,0.0,1.0,63.95,7,70.95
482084641#0,2025-09-09 00:12:59,33,0.0,1.0,66.27,7,73.27
482084641#0,2025-09-09 00:13:00,34,0.0,1.0,68.92,7,75.92
482084641#0,2025-09-09 00:13:01,34,0.79,0.82,60.0,7,67.0
482084641#0,2025-09-09 00:13:02,36,0.0,1.0,75.64,7,82.64
482084641#0,2025-09-09 00:13:03,37,0.0,1.0,80.11,10,90.11
482084641#0,2025-09-09 00:13:04,34,0.0,1.0,68.92,7,75.92
482084641#0,2025-09-09 00:13:05,33,0.0,1.0,66.27,10,76.27
482084641#0,2025-09-09 00:13:06,39,0.0,1.0,92.56,7,99.56
482084641#0,2025-09-09 00:13:07,40,0.0,1.0,100.0,7,100.0
482084641#0,2025-09-09 00:13:08,42,0.0,1.0,100.0,7,100.0
251581993,2025-09-09 00:13:09,1,69.98,0.0,16.18,8,24.18
482084641#0,2025-09-09 00:13:09,33,0.0,1.0,66.27,7,73.27
635294932#0,2025-09-09 00:13:09,4,57.9,0.0,13.93,7,20.93
635301958,2025-09-09 00:13:09,1,77.75,0.0,15.01,7,22.01
635688085,2025-09-09 00:13:09,3,75.55,0.0,15.32,7,22.32
:2577843655_1,2025-09-09 00:13:09,1,75.32,0.0,15.36,10,25.36
:cluster_1846451380_237567524_2577843615_5269354735_#6more_0,2025-09-09 00:13:09,2,47.72,0.0,19.49,7,26.49
251582085#0,2025-09-09 00:13:10,2,47.23,0.0,20.64,7,27.64
251582095#0,2025-09-09 00:13:10,4,53.41,0.0,13.36,7,20.36
251582095#1,2025-09-09 00:13:10,10,53.73,0.0,13.39,7,20.39
482057941#1,2025-09-09 00:13:10,5,76.32,0.0,15.21,10,25.21
537088454#1,2025-09-09 00:13:10,1,43.49,0.0,28.22,7,35.22
630410739,2025-09-09 00:13:10,1,44.77,0.0,25.86,10,35.86
709567666,2025-09-09 00:13:10,2,76.94,0.0,15.13,10,25.13
709567667#0,2025-09-09 00:13:10,4,73.08,0.0,15.69,10,25.69
74592172#1,2025-09-09 00:13:10,6,70.88,0.0,16.03,10,26.03
:2385376448_0,2025-09-09 00:13:10,1,25.66,0.0,52.46,10,62.46
:2577843498_1,2025-09-09 00:13:10,1,49.66,0.0,14.24,10,24.24
:2577843529_0,2025-09-09 00:13:10,2,53.08,0.0,13.33,7,20.33
:2577843559_0,2025-09-09 00:13:10,2,36.51,0.0,38.55,8,46.55
:4314535992_1,2025-09-09 00:13:10,1,76.59,0.0,15.18,10,25.18
:cluster_1278659760_237567134_237567563_2577843495_#6more_15,2025-09-09 00:13:10,1,45.7,0.0,24.01,7,31.01
:cluster_1278659760_237567134_237567563_2577843495_#6more_3,2025-09-09 00:13:10,1,45.99,0.0,23.41,10,33.41
172344206#1,2025-09-09 00:13:11,2,36.17,0.0,38.99,10,48.99
630410739,2025-09-09 00:13:11,15,53.84,0.0,13.4,7,20.4
655786194#0,2025-09-09 00:13:11,27,7.72,0.67,60.0,7,67.0
:7128964228_2,2025-09-09 00:13:11,1,27.22,0.0,50.32,10,60.32
:cluster_246155642_2577843538_5254815019_5254815020_#3more_0,2025-09-09 00:13:11,3,12.95,0.0,60.0,7,67.0
172344206#1,2025-09-09 00:13:12,1,42.26,0.0,30.31,10,40.31
482084641#0,2025-09-09 00:13:12,39,0.0,1.0,92.56,7,99.56
637363882#0,2025-09-09 00:13:12,1,42.36,0.0,30.14,7,37.14
637363882#1,2025-09-09 00:13:12,1,42.91,0.0,29.22,7,36.22
646670735,2025-09-09 00:13:12,1,43.52,0.0,28.17,7,35.17
766857571#1,2025-09-09 00:13:12,1,44.17,0.0,26.99,7,33.99
:7162077159_0,2025-09-09 00:13:12,1,44.32,0.0,26.71,7,33.71
:8392884105_0,2025-09-09 00:13:12,1,44.23,0.0,26.88,7,33.88
:cluster_2708230315_5254819534_8389941287_0,2025-09-09 00:13:12,1,44.71,0.0,25.98,7,32.98
:cluster_2708230340_5254819535_4,2025-09-09 00:13:12,1,43.01,0.0,29.05,7,36.05
482084641#0,2025-09-09 00:13:13,51,0.0,1.0,100.0,7,100.0
482084641#0,2025-09-09 00:13:14,56,0.0,1.0,100.0,7,100.0
251581993,2025-09-09 00:13:15,2,65.69,0.0,15.57,7,22.57
482084641#0,2025-09-09 00:13:15,47,0.0,1.0,100.0,7,100.0
635294932#0,2025-09-09 00:13:15,3,59.7,0.0,14.25,7,21.25
635301958,2025-09-09 00:13:15,1,63.16,0.0,14.97,7,21.97
635688085,2025-09-09 00:13:15,4,61.21,0.0,14.55,7,21.55
74592172#1,2025-09-09 00:13:15,1,61.3,0.0,14.56,7,21.56
:1846451386_3,2025-09-09 00:13:15,1,62.02,0.0,14.72,7,21.72
:cluster_1846451380_237567524_2577843615_5269354735_#6more_0,2025-09-09 00:13:15,2,61.85,0.0,14.68,7,21.68
482057941#1,2025-09-09 00:13:16,7,60.6,0.0,14.42,7,21.42
709567666,2025-09-09 00:13:16,3,62.16,0.0,14.75,7,21.75
709567667#0,2025-09-09 00:13:16,4,59.81,0.0,14.27,7,21.27
736937268#0,2025-09-09 00:13:16,6,61.28,0.0,14.56,7,21.56
736937268#2,2025-09-09 00:13:16,6,60.95,0.0,14.49,7,21.49
736937268#3,2025-09-09 00:13:16,22,60.01,0.0,14.31,7,21.31
74592172#1,2025-09-09 00:13:16,6,60.85,0.0,14.47,7,21.47
796737412,2025-09-09 00:13:16,7,34.27,0.0,41.4,8,49.4
:cluster_1278659760_237567134_237567563_2577843495_#6more_0,2025-09-09 00:13:16,2,60.05,0.0,14.31,7,21.31
:cluster_5254410865_5254410878_7128816262_7128816263_2,2025-09-09 00:13:16,1,59.43,0.0,14.2,7,21.2
265150734#1,2025-09-09 00:13:17,9,55.77,0.0,13.61,7,20.61
383249794#0,2025-09-09 00:13:17,23,5.21,0.57,60.0,7,67.0
482310372,2025-09-09 00:13:17,1,61.02,0.0,14.51,7,21.51
635327430#0,2025-09-09 00:13:17,11,23.72,0.0,55.1,7,62.1
649139071,2025-09-09 00:13:17,3,38.45,0.0,35.97,8,43.97
709567665,2025-09-09 00:13:17,2,60.45,0.0,14.39,7,21.39
796737412,2025-09-09 00:13:17,14,34.13,0.0,41.57,7,48.57
:3864704665_0,2025-09-09 00:13:17,1,62.79,0.0,14.89,7,21.89
:cluster_1599179206_246158641_2577843480_2577843482_#6more_0,2025-09-09 00:13:17,5,18.02,0.0,60.0,7,67.0
383249794#0,2025-09-09 00:13:18,2,0.0,1.0,60.0,7,67.0
391435866#0,2025-09-09 00:13:18,12,16.74,0.42,60.0,7,67.0
539643362#1,2025-09-09 00:13:18,1,38.71,0.0,35.62,8,43.62
539643362#2,2025-09-09 00:13:18,7,59.02,0.0,14.12,7,21.12
539643362#3,2025-09-09 00:13:18,4,61.02,0.0,14.51,7,21.51
539643362#4,2025-09-09 00:13:18,16,60.69,0.0,14.44,7,21.44
540472415#0,2025-09-09 00:13:18,4,58.95,0.0,14.11,7,21.11
540472415#1,2025-09-09 00:13:18,4,62.0,0.0,14.71,10,24.71
652437725#0,2025-09-09 00:13:18,1,63.12,0.0,14.96,7,21.96
652437725#1,2025-09-09 00:13:18,3,60.74,0.0,14.45,10,24.45
652437726,2025-09-09 00:13:18,3,61.24,0.0,14.55,10,24.55
:6116549484_0,2025-09-09 00:13:18,1,59.84,0.0,14.27,7,21.27
:7116487491_0,2025-09-09 00:13:18,1,63.06,0.0,14.95,10,24.95
:8393631376_0,2025-09-09 00:13:18,1,46.16,0.0,23.05,7,30.05
:cluster_237567273_237568665_246168152_246175094_#9more_7,2025-09-09 00:13:18,7,28.13,0.0,49.12,7,56.12
:cluster_246172484_246175093_2618494458_3946566839_#7more_0,2025-09-09 00:13:18,4,17.06,0.0,60.0,7,67.0
:cluster_5254267465_6978730793_1,2025-09-09 00:13:18,1,59.17,0.0,14.15,7,21.15
22887089,2025-09-09 00:13:19,20,60.86,0.0,14.47,10,24.47
481682744,2025-09-09 00:13:19,6,54.16,0.0,13.43,7,20.43
543756578,2025-09-09 00:13:19,1,17.23,0.0,60.0,7,67.0
635307355,2025-09-09 00:13:19,4,26.79,0.0,50.9,7,57.9
635378765,2025-09-09 00:13:19,1,60.22,0.0,14.35,10,24.35
635378766,2025-09-09 00:13:19,10,60.84,0.0,14.47,10,24.47
652437725#1,2025-09-09 00:13:19,18,61.33,0.0,14.57,10,24.57
655514000,2025-09-09 00:13:19,3,61.12,0.0,14.53,10,24.53
655514001,2025-09-09 00:13:19,2,59.33,0.0,14.18,7,21.18
:4745948572_0,2025-09-09 00:13:19,1,63.14,0.0,14.97,10,24.97
:5256420936_0,2025-09-09 00:13:19,1,62.02,0.0,14.72,10,24.72
:5256420942_2,2025-09-09 00:13:19,1,17.18,0.0,60.0,7,67.0
:5256420946_3,2025-09-09 00:13:19,1,18.61,0.0,60.0,7,67.0
:cluster_246182024_7130613880_1,2025-09-09 00:13:19,1,62.49,0.0,14.82,10,24.82
:cluster_5148013639_5148013640_5148013641_3,2025-09-09 00:13:19,1,61.1,0.0,14.52,10,24.52
:cluster_5686417388_6978743848_3,2025-09-09 00:13:19,1,61.32,0.0,14.57,10,24.57
482084641#0,2025-09-09 00:13:20,71,0.38,0.92,100.0,10,100.0
635307355,2025-09-09 00:13:20,7,56.88,0.0,13.77,7,20.77
482084641#0,2025-09-09 00:13:21,83,0.0,1.0,100.0,7,100.0
482084641#0,2025-09-09 00:13:22,81,0.0,1.0,100.0,7,100.0
251581993,2025-09-09 00:13:23,1,69.98,0.0,16.18,7,23.18
482084641#0,2025-09-09 00:13:23,78,0.0,1.0,100.0,7,100.0
635294932#0,2025-09-09 00:13:23,3,69.28,0.0,16.29,7,23.29
635688085,2025-09-09 00:13:23,3,67.8,0.0,16.12,7,23.12
74592172#1,2025-09-09 00:13:23,6,68.73,0.0,16.37,7,23.37
:1846451386_3,2025-09-09 00:13:23,1,69.24,0.0,16.3,7,23.3
:2577843655_1,2025-09-09 00:13:23,1,69.17,0.0,16.31,7,23.31
:5853224464_0,2025-09-09 00:13:23,1,68.88,0.0,16.36,7,23.36
:cluster_1846451380_237567524_2577843615_5269354735_#6more_0,2025-09-09 00:13:23,1,67.33,0.0,16.0,7,23.0
265150734#1,2025-09-09 00:13:24,7,55.16,0.0,13.54,7,20.54
482057941#1,2025-09-09 00:13:24,6,69.17,0.0,16.31,7,23.31
635327430#0,2025-09-09 00:13:24,12,20.85,0.17,58.91,7,65.91
649139071,2025-09-09 00:13:24,2,40.34,0.0,33.3,7,40.3
709567666,2025-09-09 00:13:24,2,67.87,0.0,16.14,7,23.14
709567667#0,2025-09-09 00:13:24,9,27.47,0.11,49.99,7,56.99
736937268#0,2025-09-09 00:13:24,6,55.91,0.0,13.63,7,20.63
736937268#2,2025-09-09 00:13:24,5,68.84,0.0,16.36,7,23.36
736937268#3,2025-09-09 00:13:24,19,67.54,0.0,16.05,7,23.05
74592172#1,2025-09-09 00:13:24,1,68.16,0.0,16.22,7,23.22
796737412,2025-09-09 00:13:24,19,38.05,0.0,36.52,8,44.52
:237567113_0,2025-09-09 00:13:24,1,69.32,0.0,16.29,7,23.29
:cluster_1278659760_237567134_237567563_2577843495_#6more_0,2025-09-09 00:13:24,5,20.38,0.0,59.51,7,66.51
:cluster_1599179206_246158641_2577843480_2577843482_#6more_0,2025-09-09 00:13:24,4,18.94,0.0,60.0,8,68.0
:cluster_1599179208_7128816282_1,2025-09-09 00:13:24,1,49.62,0.0,14.36,7,21.36
:cluster_5254410865_5254410878_7128816262_7128816263_2,2025-09-09 00:13:24,1,68.78,0.0,16.37,7,23.37
:cluster_5254410887_7128816268_3,2025-09-09 00:13:24,1,67.1,0.0,15.94,7,22.94
265150734#1,2025-09-09 00:13:25,2,68.36,0.0,16.27,7,23.27
383249794#0,2025-09-09 00:13:25,14,6.58,0.57,60.0,7,67.0
391435866#0,2025-09-09 00:13:25,3,68.42,0.0,16.29,7,23.29
482310372,2025-09-09 00:13:25,2,68.06,0.0,16.19,7,23.19
539643362#1,2025-09-09 00:13:25,1,68.31,0.0,16.26,7,23.26
539643362#2,2025-09-09 00:13:25,6,67.88,0.0,16.14,7,23.14
539643362#3,2025-09-09 00:13:25,4,68.43,0.0,16.29,7,23.29
539643362#4,2025-09-09 00:13:25,14,67.88,0.0,16.14,7,23.14
540472415#0,2025-09-09 00:13:25,4,62.97,0.0,14.93,7,21.93
540472415#1,2025-09-09 00:13:25,4,68.05,0.0,16.19,7,23.19
652437725#0,2025-09-09 00:13:25,7,17.24,0.0,60.0,8,68.0
652437725#1,2025-09-09 00:13:25,9,45.55,0.0,24.33,7,31.33
652437726,2025-09-09 00:13:25,3,67.83,0.0,16.13,7,23.13
709567665,2025-09-09 00:13:25,1,67.69,0.0,16.09,7,23.09
:4745340942_1,2025-09-09 00:13:25,1,61.99,0.0,14.71,7,21.71
:6116549484_0,2025-09-09 00:13:25,1,68.56,0.0,16.33,7,23.33
:7116487491_0,2025-09-09 00:13:25,2,8.79,0.0,60.0,7,67.0
:cluster_237567273_237568665_246168152_246175094_#9more_7,2025-09-09 00:13:25,7,28.12,0.0,49.13,7,56.13
:cluster_246172484_246175093_2618494458_3946566839_#7more_0,2025-09-09 00:13:25,1,68.75,0.0,16.38,7,23.38
22887089,2025-09-09 00:13:26,18,67.44,0.0,16.03,7,23.03
383209580#1,2025-09-09 00:13:26,2,26.95,0.0,50.69,7,57.69
383209581#0,2025-09-09 00:13:26,1,59.81,0.0,14.27,7,21.27
383209581#1,2025-09-09 00:13:26,1,56.49,0.0,13.71,7,20.71
481682742,2025-09-09 00:13:26,4,58.69,0.0,14.06,10,24.06
481682744,2025-09-09 00:13:26,5,68.92,0.0,16.35,7,23.35
539512917#0,2025-09-09 00:13:26,4,57.48,0.0,13.86,7,20.86
539512917#1,2025-09-09 00:13:26,1,55.95,0.0,13.64,7,20.64
539643362#2,2025-09-09 00:13:26,6,60.6,0.0,14.42,7,21.42
539643362#3,2025-09-09 00:13:26,3,67.3,0.0,15.99,7,22.99
617971361,2025-09-09 00:13:26,6,62.17,0.0,14.75,7,21.75
635378765,2025-09-09 00:13:26,1,68.88,0.0,16.36,7,23.36
635378766,2025-09-09 00:13:26,9,67.88,0.0,16.14,7,23.14
641561356,2025-09-09 00:13:26,1,70.21,0.0,16.14,10,26.14
649362141,2025-09-09 00:13:26,1,70.35,0.0,16.12,10,26.12
652437725#1,2025-09-09 00:13:26,12,69.31,0.0,16.29,7,23.29
655514000,2025-09-09 00:13:26,2,66.91,0.0,15.89,7,22.89
655514001,2025-09-09 00:13:26,2,66.63,0.0,15.81,7,22.81
:4605891292_1,2025-09-09 00:13:26,1,58.43,0.0,14.02,7,21.02
:4605891303_3,2025-09-09 00:13:26,2,40.89,0.0,32.47,7,39.47
:5256392732_3,2025-09-09 00:13:26,1,57.37,0.0,13.84,7,20.84
:5256420936_0,2025-09-09 00:13:26,1,69.19,0.0,16.31,7,23.31
:8393631375_0,2025-09-09 00:13:26,1,70.95,0.0,16.02,10,26.02
:cluster_1864383430_246182050_4745948567_4745948571_#4more_0,2025-09-09 00:13:26,2,25.3,0.0,52.95,7,59.95
:cluster_3864247789_4605891082_4605891085_4605891087_#11more_6,2025-09-09 00:13:26,5,58.26,0.0,13.99,7,20.99
:cluster_5148013639_5148013640_5148013641_3,2025-09-09 00:13:26,2,66.73,0.0,15.84,7,22.84
:cluster_5214803867_6978689837_0,2025-09-09 00:13:26,1,67.49,0.0,16.04,7,23.04
:cluster_5214803876_6978692603_1,2025-09-09 00:13:26,1,70.3,0.0,16.13,10,26.13
:cluster_5256328061_6978703167_4,2025-09-09 00:13:26,1,59.37,0.0,14.19,7,21.19
:cluster_5686417388_6978743848_3,2025-09-09 00:13:26,1,68.38,0.0,16.28,7,23.28
22887089,2025-09-09 00:13:27,17,68.95,0.0,16.35,7,23.35
383209580#1,2025-09-09 00:13:27,3,30.94,0.0,45.55,8,53.55
481682742,2025-09-09 00:13:27,4,54.83,0.0,13.5,7,20.5
481682744,2025-09-09 00:13:27,4,68.82,0.0,16.37,7,23.37
539512917#0,2025-09-09 00:13:27,5,58.25,0.0,13.99,7,20.99
539512917#1,2025-09-09 00:13:27,1,58.43,0.0,14.02,7,21.02
539512934#0,2025-09-09 00:13:27,7,7.59,0.14,60.0,7,67.0
539643362#4,2025-09-09 00:13:27,14,69.38,0.0,16.28,7,23.28
617971361,2025-09-09 00:13:27,6,58.45,0.0,14.02,7,21.02
635378765,2025-09-09 00:13:27,1,66.98,0.0,15.91,7,22.91
635378766,2025-09-09 00:13:27,9,68.35,0.0,16.27,7,23.27
641561356,2025-09-09 00:13:27,1,66.74,0.0,15.84,7,22.84
649362141,2025-09-09 00:13:27,1,70.01,0.0,16.17,10,26.17
652437725#0,2025-09-09 00:13:27,1,69.08,0.0,16.32,7,23.32
652437725#1,2025-09-09 00:13:27,18,68.86,0.0,16.36,7,23.36
652437726,2025-09-09 00:13:27,3,68.29,0.0,16.25,7,23.25
655514000,2025-09-09 00:13:27,3,67.68,0.0,16.09,7,23.09
655514001,2025-09-09 00:13:27,2,69.55,0.0,16.25,7,23.25
:4605891302_1,2025-09-09 00:13:27,1,69.42,0.0,16.27,7,23.27
:4605891303_3,2025-09-09 00:13:27,1,47.57,0.0,19.85,7,26.85
:4745948566_0,2025-09-09 00:13:27,1,56.33,0.0,13.69,7,20.69
:4745948572_0,2025-09-09 00:13:27,1,69.63,0.0,16.24,7,23.24
:5256420946_0,2025-09-09 00:13:27,1,67.32,0.0,15.99,7,22.99
:7116487491_0,2025-09-09 00:13:27,1,70.62,0.0,16.08,10,26.08
:8395727669_0,2025-09-09 00:13:27,1,68.88,0.0,16.36,7,23.36
:cluster_1864383430_246182050_4745948567_4745948571_#4more_0,2025-09-09 00:13:27,1,25.0,0.0,53.37,7,60.37
:cluster_246182024_7130613880_1,2025-09-09 00:13:27,1,70.85,0.0,16.04,10,26.04
:cluster_5148013639_5148013640_5148013641_3,2025-09-09 00:13:27,2,70.22,0.0,16.14,10,26.14
:cluster_5686417388_6978743848_3,2025-09-09 00:13:27,1,68.39,0.0,16.28,7,23.28
1124474511#0,2025-09-09 00:13:28,5,49.42,0.0,14.95,7,21.95
173896212#1,2025-09-09 00:13:28,5,31.86,0.0,44.4,8,52.4
173896212#2,2025-09-09 00:13:28,4,48.2,0.0,18.29,7,25.29
173896212#3,2025-09-09 00:13:28,4,47.61,0.0,19.74,8,27.74
173896212#4,2025-09-09 00:13:28,3,47.91,0.0,19.0,7,26.0
251582024#0,2025-09-09 00:13:28,1,30.87,0.0,45.63,8,53.63
251582024#1,2025-09-09 00:13:28,1,44.84,0.0,25.73,7,32.73
383209587#1,2025-09-09 00:13:28,1,19.59,0.0,60.0,8,68.0
538810643,2025-09-09 00:13:28,3,47.35,0.0,20.38,7,27.38
539512931,2025-09-09 00:13:28,11,39.79,0.0,34.1,8,42.1
539512934#0,2025-09-09 00:13:28,1,0.0,1.0,60.0,7,67.0
539746737#1,2025-09-09 00:13:28,2,48.34,0.0,17.93,7,24.93
539746737#11,2025-09-09 00:13:28,4,47.22,0.0,20.69,7,27.69
539746737#12,2025-09-09 00:13:28,3,46.92,0.0,21.36,7,28.36
539746737#13,2025-09-09 00:13:28,4,49.03,0.0,16.05,7,23.05
539746737#14,2025-09-09 00:13:28,3,48.85,0.0,16.57,7,23.57
539746737#15,2025-09-09 00:13:28,4,42.45,0.0,29.99,7,36.99
539746737#2,2025-09-09 00:13:28,2,49.8,0.0,13.83,7,20.83
539746737#5,2025-09-09 00:13:28,4,48.72,0.0,16.93,7,23.93
539746737#6,2025-09-09 00:13:28,4,48.75,0.0,16.83,7,23.83
539746737#7,2025-09-09 00:13:28,4,49.27,0.0,15.37,7,22.37
539746737#8,2025-09-09 00:13:28,4,48.94,0.0,16.32,7,23.32
539746737#9,2025-09-09 00:13:28,3,49.84,0.0,13.69,7,20.69
640294169,2025-09-09 00:13:28,1,50.75,0.0,13.21,7,20.21
:4605891069_2,2025-09-09 00:13:28,2,30.77,0.0,45.76,8,53.76
:8393418586_0,2025-09-09 00:13:28,1,35.98,0.0,39.24,8,47.24
:cluster_1375191869_5222378796_8389665087_8389665088_#3more_0,2025-09-09 00:13:28,2,49.23,0.0,15.51,7,22.51
:cluster_246181821_8389641756_8393504646_4,2025-09-09 00:13:28,2,47.52,0.0,19.97,7,26.97
:cluster_246181841_5222378798_8396043587_8396043613_#4more_19,2025-09-09 00:13:28,1,20.06,0.0,59.92,7,66.92
:cluster_246181841_5222378798_8396043587_8396043613_#4more_8,2025-09-09 00:13:28,2,18.45,0.0,60.0,8,68.0
:cluster_3681802616_8393114933_4,2025-09-09 00:13:28,2,19.6,0.0,60.0,8,68.0
:cluster_3864247789_4605891082_4605891085_4605891087_#11more_10,2025-09-09 00:13:28,5,19.57,0.0,60.0,8,68.0
:cluster_3864247789_4605891082_4605891085_4605891087_#11more_25,2025-09-09 00:13:28,2,32.74,0.0,43.3,8,51.3
:cluster_5256231818_8389665074_3,2025-09-09 00:13:28,1,50.67,0.0,13.21,7,20.21
:cluster_5256232826_8393114938_3,2025-09-09 00:13:28,1,48.95,0.0,16.28,7,23.28
:cluster_5256232832_8393114939_3,2025-09-09 00:13:28,1,50.38,0.0,13.21,7,20.21
:cluster_5256232836_8389665077_3,2025-09-09 00:13:28,1,49.05,0.0,16.0,7,23.0
:cluster_5256232841_8389665078_3,2025-09-09 00:13:28,1,49.74,0.0,14.0,7,21.0
:cluster_5256232847_8389665080_3,2025-09-09 00:13:28,1,46.95,0.0,21.3,7,28.3
:cluster_5256232853_8389665082_3,2025-09-09 00:13:28,1,48.65,0.0,17.1,7,24.1
:cluster_5256232859_8389665084_3,2025-09-09 00:13:28,1,47.8,0.0,19.28,7,26.28
:cluster_5256232876_8396043608_3,2025-09-09 00:13:28,1,46.61,0.0,22.07,7,29.07
:cluster_5256295460_8389700242_3,2025-09-09 00:13:28,1,48.25,0.0,18.15,7,25.15
:cluster_5256295743_8389665081_3,2025-09-09 00:13:28,1,46.47,0.0,22.38,7,29.38
173896212#5,2025-09-09 00:13:29,3,46.69,0.0,21.88,7,28.88
173896212#7,2025-09-09 00:13:29,2,46.62,0.0,22.06,7,29.06
173896212#8,2025-09-09 00:13:29,3,48.99,0.0,16.16,7,23.16
173896212#9,2025-09-09 00:13:29,4,48.68,0.0,17.01,7,24.01
:8389779200_0,2025-09-09 00:13:29,1,49.85,0.0,13.67,7,20.67
:cluster_5256295448_8389700239_3,2025-09-09 00:13:29,1,46.28,0.0,22.79,7,29.79
:cluster_5256295452_8389700240_3,2025-09-09 00:13:29,1,48.38,0.0,17.81,7,24.81
:cluster_5256295456_8389700241_3,2025-09-09 00:13:29,1,48.61,0.0,17.21,7,24.21
